{
  "hash": "b2f71247",
  "configHash": "7114125f",
  "lockfileHash": "493a4dd4",
  "browserHash": "275b3d69",
  "optimized": {
    "@angular/common": {
      "src": "../../../../../node_modules/@angular/common/fesm2022/common.mjs",
      "file": "@angular_common.js",
      "fileHash": "699eaae5",
      "needsInterop": false
    },
    "@angular/core": {
      "src": "../../../../../node_modules/@angular/core/fesm2022/core.mjs",
      "file": "@angular_core.js",
      "fileHash": "1666a092",
      "needsInterop": false
    },
    "@angular/platform-browser": {
      "src": "../../../../../node_modules/@angular/platform-browser/fesm2022/platform-browser.mjs",
      "file": "@angular_platform-browser.js",
      "fileHash": "ca312e91",
      "needsInterop": false
    },
    "@angular/router": {
      "src": "../../../../../node_modules/@angular/router/fesm2022/router.mjs",
      "file": "@angular_router.js",
      "fileHash": "8ded16d4",
      "needsInterop": false
    },
    "@emailjs/browser": {
      "src": "../../../../../node_modules/@emailjs/browser/es/index.js",
      "file": "@emailjs_browser.js",
      "fileHash": "0d499c48",
      "needsInterop": false
    },
    "bootstrap": {
      "src": "../../../../../node_modules/bootstrap/dist/js/bootstrap.esm.js",
      "file": "bootstrap.js",
      "fileHash": "322c6ae1",
      "needsInterop": false
    },
    "@angular/forms": {
      "src": "../../../../../node_modules/@angular/forms/fesm2022/forms.mjs",
      "file": "@angular_forms.js",
      "fileHash": "5ba3c8fe",
      "needsInterop": false
    }
  },
  "chunks": {
    "chunk-OJSFOHCC": {
      "file": "chunk-OJSFOHCC.js"
    },
    "chunk-VZRGD6MB": {
      "file": "chunk-VZRGD6MB.js"
    },
    "chunk-2YT7WF75": {
      "file": "chunk-2YT7WF75.js"
    },
    "chunk-GLLL6ZVE": {
      "file": "chunk-GLLL6ZVE.js"
    }
  }
}